Workbook

Sheet 05时
B1: US500 | D1: HK50 | F1: HK50-US500 | G1: NIKKEI(Japan225) | I1: NIKKEI-US500 | J1: USD/JPY(Yen) | L1: NIKKEI-Yen(NKC) | M1: NKC-US500 | N1: USD/SGD | P1: UK100(FTSE英国) | R1: FTSE英国-US500 | S1: GBP/USD | U1: FTSE英国-US500+GBP/USD | V1: France40(CAC法国) | X1: CAC法国-US500 | Y1: EUR/USD | AA1: CAC法国-US500+EUR/USD | AB1: USD/INR | AD1: Germany40 | AF1: Germany40-US500 | AG1: Germany40-US500+EUR/USD | AH1: USD/CNH | AJ1: USD/CNH-Yen | AK1: USD/CNH-USD/SGD | AL1: USD/TWD | AN1: Australia200 | AP1: Australia-US500 | AQ1: AUD/USD | AS1: Australia-US500+AUD/USD | AT1: USDKRW | AV1: USDMXN
A2: Timestamp | B2: Close | C2: Change | D2: Close | E2: Change | F2: Change | G2: Close | H2: Change | I2: Change | J2: Close | K2: Change | L2: Change | M2: Change | N2: Close | O2: Change | P2: Close | Q2: Change | R2: Change | S2: Close | T2: Change | U2: Change | V2: Close | W2: Change | X2: Change | Y2: Close | Z2: Change | AA2: Change | AB2: Close | AC2: Change | AD2: Close | AE2: Change | AF2: Change | AG2: Change | AH2: Close | AI2: Change | AJ2: Change | AK2: Change | AL2: Close | AM2: Change | AN2: Close | AO2: Change | AP2: Change | AQ2: Close | AR2: Change | AS2: Change | AT2: Close | AU2: Change | AV2: Close | AW2: Change
A3: 2025/11/21-05时Close
A4: 2025/11/21-18时Close
A5: 2025/11/21-18:30时Close
A6: 2025/11/21-19时Close
A7: 2025/11/21-19时Close
A8: 2025/11/21-20时Close
A9: 2025/11/24-05时Close | C9: =B9/B3-1 -> #DIV/0! | E9: =D9/D3-1 -> #DIV/0! | F9: =E9-C9 -> #DIV/0! | H9: =G9/G3-1 -> #DIV/0! | I9: =H9-C9 -> #DIV/0! | K9: =J9/J3-1 -> #DIV/0! | L9: =H9-K9 -> #DIV/0! | M9: =L9-C9 -> #DIV/0! | O9: =N9/N3-1 -> #DIV/0! | Q9: =P9/P3-1 -> #DIV/0! | R9: =Q9-C9 -> #DIV/0! | T9: =S9/S3-1 -> #DIV/0! | U9: =R9+T9 -> #DIV/0! | W9: =V9/V3-1 -> #DIV/0! | X9: =W9-C9 -> #DIV/0! | Z9: =Y9/Y3-1 -> #DIV/0! | AA9: =X9+Z9 -> #DIV/0! | AC9: =AB9/AB3-1 -> #DIV/0! | AE9: =AD9/AD3-1 -> #DIV/0! | AF9: =AE9-C9 -> #DIV/0! | AG9: =AF9+Z9 -> #DIV/0! | AI9: =AH9/AH3-1 -> #DIV/0! | AJ9: =AI9-K9 -> #DIV/0! | AK9: =AI9-O9 -> #DIV/0! | AM9: =AL9/AL3-1 -> #DIV/0! | AO9: =AN9/AN3-1 -> #DIV/0! | AP9: =AO9-C9 -> #DIV/0! | AR9: =AQ9/AQ3-1 -> #DIV/0! | AS9: =AP9+AR9 -> #DIV/0! | AU9: =AT9/AT3-1 -> #DIV/0! | AW9: =AV9/AV3-1 -> #DIV/0!
A10: 2025/11/24-18时Close | C10: =B10/$B$9-1 -> #DIV/0! | E10: =D10/$D$9-1 -> #DIV/0! | F10: =E10-C10 -> #DIV/0! | H10: =G10/$G$9-1 -> #DIV/0! | I10: =H10-C10 -> #DIV/0! | K10: =J10/$J$9-1 -> #DIV/0! | L10: =H10-K10 -> #DIV/0! | M10: =L10-C10 -> #DIV/0! | O10: =N10/$N$9-1 -> #DIV/0! | Q10: =P10/$P$9-1 -> #DIV/0! | R10: =Q10-C10 -> #DIV/0! | T10: =S10/$S$9-1 -> #DIV/0! | U10: =R10+T10 -> #DIV/0! | W10: =V10/$V$9-1 -> #DIV/0! | X10: =W10-C10 -> #DIV/0! | Z10: =Y10/$Y$9-1 -> #DIV/0! | AA10: =X10+Z10 -> #DIV/0! | AC10: =AB10/$AB$9-1 -> #DIV/0! | AE10: =AD10/$AD$9-1 -> #DIV/0! | AF10: =AE10-C10 -> #DIV/0! | AG10: =AF10+Z10 -> #DIV/0! | AI10: =AH10/$AH$9-1 -> #DIV/0! | AJ10: =AI10-K10 -> #DIV/0! | AK10: =AI10-O10 -> #DIV/0! | AM10: =AL10/$AL$9-1 -> #DIV/0! | AO10: =AN10/$AN$9-1 -> #DIV/0! | AP10: =AO10-C10 -> #DIV/0! | AR10: =AQ10/$AQ$9-1 -> #DIV/0! | AS10: =AP10+AR10 -> #DIV/0! | AU10: =AT10/$AT$9-1 -> #DIV/0! | AW10: =AV10/$AV$9-1 -> #DIV/0!
A11: 2025/11/24-18:30时Close | C11: =B11/$B$9-1 -> #DIV/0! | E11: =D11/$D$9-1 -> #DIV/0! | F11: =E11-C11 -> #DIV/0! | H11: =G11/$G$9-1 -> #DIV/0! | I11: =H11-C11 -> #DIV/0! | K11: =J11/$J$9-1 -> #DIV/0! | L11: =H11-K11 -> #DIV/0! | M11: =L11-C11 -> #DIV/0! | O11: =N11/$N$9-1 -> #DIV/0! | Q11: =P11/$P$9-1 -> #DIV/0! | R11: =Q11-C11 -> #DIV/0! | T11: =S11/$S$9-1 -> #DIV/0! | U11: =R11+T11 -> #DIV/0! | W11: =V11/$V$9-1 -> #DIV/0! | X11: =W11-C11 -> #DIV/0! | Z11: =Y11/$Y$9-1 -> #DIV/0! | AA11: =X11+Z11 -> #DIV/0! | AC11: =AB11/$AB$9-1 -> #DIV/0! | AE11: =AD11/$AD$9-1 -> #DIV/0! | AF11: =AE11-C11 -> #DIV/0! | AG11: =AF11+Z11 -> #DIV/0! | AI11: =AH11/$AH$9-1 -> #DIV/0! | AJ11: =AI11-K11 -> #DIV/0! | AK11: =AI11-O11 -> #DIV/0! | AM11: =AL11/$AL$9-1 -> #DIV/0! | AO11: =AN11/$AN$9-1 -> #DIV/0! | AP11: =AO11-C11 -> #DIV/0! | AR11: =AQ11/$AQ$9-1 -> #DIV/0! | AS11: =AP11+AR11 -> #DIV/0! | AU11: =AT11/$AT$9-1 -> #DIV/0! | AW11: =AV11/$AV$9-1 -> #DIV/0!
A12: 2025/11/24-19时Close | C12: =B12/$B$9-1 -> #DIV/0! | E12: =D12/$D$9-1 -> #DIV/0! | F12: =E12-C12 -> #DIV/0! | H12: =G12/$G$9-1 -> #DIV/0! | I12: =H12-C12 -> #DIV/0! | K12: =J12/$J$9-1 -> #DIV/0! | L12: =H12-K12 -> #DIV/0! | M12: =L12-C12 -> #DIV/0! | O12: =N12/$N$9-1 -> #DIV/0! | Q12: =P12/$P$9-1 -> #DIV/0! | R12: =Q12-C12 -> #DIV/0! | T12: =S12/$S$9-1 -> #DIV/0! | U12: =R12+T12 -> #DIV/0! | W12: =V12/$V$9-1 -> #DIV/0! | X12: =W12-C12 -> #DIV/0! | Z12: =Y12/$Y$9-1 -> #DIV/0! | AA12: =X12+Z12 -> #DIV/0! | AC12: =AB12/$AB$9-1 -> #DIV/0! | AE12: =AD12/$AD$9-1 -> #DIV/0! | AF12: =AE12-C12 -> #DIV/0! | AG12: =AF12+Z12 -> #DIV/0! | AI12: =AH12/$AH$9-1 -> #DIV/0! | AJ12: =AI12-K12 -> #DIV/0! | AK12: =AI12-O12 -> #DIV/0! | AM12: =AL12/$AL$9-1 -> #DIV/0! | AO12: =AN12/$AN$9-1 -> #DIV/0! | AP12: =AO12-C12 -> #DIV/0! | AR12: =AQ12/$AQ$9-1 -> #DIV/0! | AS12: =AP12+AR12 -> #DIV/0! | AU12: =AT12/$AT$9-1 -> #DIV/0! | AW12: =AV12/$AV$9-1 -> #DIV/0!
A13: 2025/11/24-19时Close | C13: =B13/$B$9-1 -> #DIV/0! | E13: =D13/$D$9-1 -> #DIV/0! | F13: =E13-C13 -> #DIV/0! | H13: =G13/$G$9-1 -> #DIV/0! | I13: =H13-C13 -> #DIV/0! | K13: =J13/$J$9-1 -> #DIV/0! | L13: =H13-K13 -> #DIV/0! | M13: =L13-C13 -> #DIV/0! | O13: =N13/$N$9-1 -> #DIV/0! | Q13: =P13/$P$9-1 -> #DIV/0! | R13: =Q13-C13 -> #DIV/0! | T13: =S13/$S$9-1 -> #DIV/0! | U13: =R13+T13 -> #DIV/0! | W13: =V13/$V$9-1 -> #DIV/0! | X13: =W13-C13 -> #DIV/0! | Z13: =Y13/$Y$9-1 -> #DIV/0! | AA13: =X13+Z13 -> #DIV/0! | AC13: =AB13/$AB$9-1 -> #DIV/0! | AE13: =AD13/$AD$9-1 -> #DIV/0! | AF13: =AE13-C13 -> #DIV/0! | AG13: =AF13+Z13 -> #DIV/0! | AI13: =AH13/$AH$9-1 -> #DIV/0! | AJ13: =AI13-K13 -> #DIV/0! | AK13: =AI13-O13 -> #DIV/0! | AM13: =AL13/$AL$9-1 -> #DIV/0! | AO13: =AN13/$AN$9-1 -> #DIV/0! | AP13: =AO13-C13 -> #DIV/0! | AR13: =AQ13/$AQ$9-1 -> #DIV/0! | AS13: =AP13+AR13 -> #DIV/0! | AU13: =AT13/$AT$9-1 -> #DIV/0! | AW13: =AV13/$AV$9-1 -> #DIV/0!
A14: 2025/11/24-20时Close | C14: =B14/$B$9-1 -> #DIV/0! | E14: =D14/$D$9-1 -> #DIV/0! | F14: =E14-C14 -> #DIV/0! | H14: =G14/$G$9-1 -> #DIV/0! | I14: =H14-C14 -> #DIV/0! | K14: =J14/$J$9-1 -> #DIV/0! | L14: =H14-K14 -> #DIV/0! | M14: =L14-C14 -> #DIV/0! | O14: =N14/$N$9-1 -> #DIV/0! | Q14: =P14/$P$9-1 -> #DIV/0! | R14: =Q14-C14 -> #DIV/0! | T14: =S14/$S$9-1 -> #DIV/0! | U14: =R14+T14 -> #DIV/0! | W14: =V14/$V$9-1 -> #DIV/0! | X14: =W14-C14 -> #DIV/0! | Z14: =Y14/$Y$9-1 -> #DIV/0! | AA14: =X14+Z14 -> #DIV/0! | AC14: =AB14/$AB$9-1 -> #DIV/0! | AE14: =AD14/$AD$9-1 -> #DIV/0! | AF14: =AE14-C14 -> #DIV/0! | AG14: =AF14+Z14 -> #DIV/0! | AI14: =AH14/$AH$9-1 -> #DIV/0! | AJ14: =AI14-K14 -> #DIV/0! | AK14: =AI14-O14 -> #DIV/0! | AM14: =AL14/$AL$9-1 -> #DIV/0! | AO14: =AN14/$AN$9-1 -> #DIV/0! | AP14: =AO14-C14 -> #DIV/0! | AR14: =AQ14/$AQ$9-1 -> #DIV/0! | AS14: =AP14+AR14 -> #DIV/0! | AU14: =AT14/$AT$9-1 -> #DIV/0! | AW14: =AV14/$AV$9-1 -> #DIV/0!

Sheet 07时
B1: US500 | D1: HK50 | F1: HK50-US500 | G1: NIKKEI(Japan225) | I1: NIKKEI-US500 | J1: USD/JPY(Yen) | L1: NIKKEI-Yen(NKC) | M1: NKC-US500 | N1: USD/SGD | P1: UK100(FTSE英国) | R1: FTSE英国-US500 | S1: GBP/USD | U1: FTSE英国-US500+GBP/USD | V1: France40(CAC法国) | X1: CAC法国-US500 | Y1: EUR/USD | AA1: CAC法国-US500+EUR/USD | AB1: USD/INR | AD1: Germany40 | AF1: Germany40-US500 | AG1: Germany40-US500+EUR/USD | AH1: USD/CNH | AJ1: USD/CNH-Yen | AK1: USD/CNH-USD/SGD | AL1: USD/TWD | AN1: Australia200 | AP1: Australia-US500 | AQ1: AUD/USD | AS1: Australia-US500+AUD/USD | AT1: USDKRW | AV1: USDMXN
A2: Timestamp | B2: Close | C2: Change | D2: Close | E2: Change | F2: Change | G2: Close | H2: Change | I2: Change | J2: Close | K2: Change | L2: Change | M2: Change | N2: Close | O2: Change | P2: Close | Q2: Change | R2: Change | S2: Close | T2: Change | U2: Change | V2: Close | W2: Change | X2: Change | Y2: Close | Z2: Change | AA2: Change | AB2: Close | AC2: Change | AD2: Close | AE2: Change | AF2: Change | AG2: Change | AH2: Close | AI2: Change | AJ2: Change | AK2: Change | AL2: Close | AM2: Change | AN2: Close | AO2: Change | AP2: Change | AQ2: Close | AR2: Change | AS2: Change | AT2: Close | AU2: Change | AV2: Close | AW2: Change
A3: 2025/11/21-07时Close
A4: 2025/11/21-18时Close
A5: 2025/11/21-18:30时Close
A6: 2025/11/21-19时Close
A7: 2025/11/21-19时Close
A8: 2025/11/21-20时Close
A9: 2025/11/24-07时Close | C9: =B9/B3-1 -> #DIV/0! | E9: =D9/D3-1 -> #DIV/0! | F9: =E9-C9 -> #DIV/0! | H9: =G9/G3-1 -> #DIV/0! | I9: =H9-C9 -> #DIV/0! | K9: =J9/J3-1 -> #DIV/0! | L9: =H9-K9 -> #DIV/0! | M9: =L9-C9 -> #DIV/0! | O9: =N9/N3-1 -> #DIV/0! | Q9: =P9/P3-1 -> #DIV/0! | R9: =Q9-C9 -> #DIV/0! | T9: =S9/S3-1 -> #DIV/0! | U9: =R9+T9 -> #DIV/0! | W9: =V9/V3-1 -> #DIV/0! | X9: =W9-C9 -> #DIV/0! | Z9: =Y9/Y3-1 -> #DIV/0! | AA9: =X9+Z9 -> #DIV/0! | AC9: =AB9/AB3-1 -> #DIV/0! | AE9: =AD9/AD3-1 -> #DIV/0! | AF9: =AE9-C9 -> #DIV/0! | AG9: =AF9+Z9 -> #DIV/0! | AI9: =AH9/AH3-1 -> #DIV/0! | AJ9: =AI9-K9 -> #DIV/0! | AK9: =AI9-O9 -> #DIV/0! | AM9: =AL9/AL3-1 -> #DIV/0! | AO9: =AN9/AN3-1 -> #DIV/0! | AP9: =AO9-C9 -> #DIV/0! | AR9: =AQ9/AQ3-1 -> #DIV/0! | AS9: =AP9+AR9 -> #DIV/0! | AU9: =AT9/AT3-1 -> #DIV/0! | AW9: =AV9/AV3-1 -> #DIV/0!
A10: 2025/11/24-18时Close | C10: =B10/$B$9-1 -> #DIV/0! | E10: =D10/$D$9-1 -> #DIV/0! | F10: =E10-C10 -> #DIV/0! | H10: =G10/$G$9-1 -> #DIV/0! | I10: =H10-C10 -> #DIV/0! | K10: =J10/$J$9-1 -> #DIV/0! | L10: =H10-K10 -> #DIV/0! | M10: =L10-C10 -> #DIV/0! | O10: =N10/$N$9-1 -> #DIV/0! | Q10: =P10/$P$9-1 -> #DIV/0! | R10: =Q10-C10 -> #DIV/0! | T10: =S10/$S$9-1 -> #DIV/0! | U10: =R10+T10 -> #DIV/0! | W10: =V10/$V$9-1 -> #DIV/0! | X10: =W10-C10 -> #DIV/0! | Z10: =Y10/$Y$9-1 -> #DIV/0! | AA10: =X10+Z10 -> #DIV/0! | AC10: =AB10/$AB$9-1 -> #DIV/0! | AE10: =AD10/$AD$9-1 -> #DIV/0! | AF10: =AE10-C10 -> #DIV/0! | AG10: =AF10+Z10 -> #DIV/0! | AI10: =AH10/$AH$9-1 -> #DIV/0! | AJ10: =AI10-K10 -> #DIV/0! | AK10: =AI10-O10 -> #DIV/0! | AM10: =AL10/$AL$9-1 -> #DIV/0! | AO10: =AN10/$AN$9-1 -> #DIV/0! | AP10: =AO10-C10 -> #DIV/0! | AR10: =AQ10/$AQ$9-1 -> #DIV/0! | AS10: =AP10+AR10 -> #DIV/0! | AU10: =AT10/$AT$9-1 -> #DIV/0! | AW10: =AV10/$AV$9-1 -> #DIV/0!
A11: 2025/11/24-18:30时Close | C11: =B11/$B$9-1 -> #DIV/0! | E11: =D11/$D$9-1 -> #DIV/0! | F11: =E11-C11 -> #DIV/0! | H11: =G11/$G$9-1 -> #DIV/0! | I11: =H11-C11 -> #DIV/0! | K11: =J11/$J$9-1 -> #DIV/0! | L11: =H11-K11 -> #DIV/0! | M11: =L11-C11 -> #DIV/0! | O11: =N11/$N$9-1 -> #DIV/0! | Q11: =P11/$P$9-1 -> #DIV/0! | R11: =Q11-C11 -> #DIV/0! | T11: =S11/$S$9-1 -> #DIV/0! | U11: =R11+T11 -> #DIV/0! | W11: =V11/$V$9-1 -> #DIV/0! | X11: =W11-C11 -> #DIV/0! | Z11: =Y11/$Y$9-1 -> #DIV/0! | AA11: =X11+Z11 -> #DIV/0! | AC11: =AB11/$AB$9-1 -> #DIV/0! | AE11: =AD11/$AD$9-1 -> #DIV/0! | AF11: =AE11-C11 -> #DIV/0! | AG11: =AF11+Z11 -> #DIV/0! | AI11: =AH11/$AH$9-1 -> #DIV/0! | AJ11: =AI11-K11 -> #DIV/0! | AK11: =AI11-O11 -> #DIV/0! | AM11: =AL11/$AL$9-1 -> #DIV/0! | AO11: =AN11/$AN$9-1 -> #DIV/0! | AP11: =AO11-C11 -> #DIV/0! | AR11: =AQ11/$AQ$9-1 -> #DIV/0! | AS11: =AP11+AR11 -> #DIV/0! | AU11: =AT11/$AT$9-1 -> #DIV/0! | AW11: =AV11/$AV$9-1 -> #DIV/0!
A12: 2025/11/24-19时Close | C12: =B12/$B$9-1 -> #DIV/0! | E12: =D12/$D$9-1 -> #DIV/0! | F12: =E12-C12 -> #DIV/0! | H12: =G12/$G$9-1 -> #DIV/0! | I12: =H12-C12 -> #DIV/0! | K12: =J12/$J$9-1 -> #DIV/0! | L12: =H12-K12 -> #DIV/0! | M12: =L12-C12 -> #DIV/0! | O12: =N12/$N$9-1 -> #DIV/0! | Q12: =P12/$P$9-1 -> #DIV/0! | R12: =Q12-C12 -> #DIV/0! | T12: =S12/$S$9-1 -> #DIV/0! | U12: =R12+T12 -> #DIV/0! | W12: =V12/$V$9-1 -> #DIV/0! | X12: =W12-C12 -> #DIV/0! | Z12: =Y12/$Y$9-1 -> #DIV/0! | AA12: =X12+Z12 -> #DIV/0! | AC12: =AB12/$AB$9-1 -> #DIV/0! | AE12: =AD12/$AD$9-1 -> #DIV/0! | AF12: =AE12-C12 -> #DIV/0! | AG12: =AF12+Z12 -> #DIV/0! | AI12: =AH12/$AH$9-1 -> #DIV/0! | AJ12: =AI12-K12 -> #DIV/0! | AK12: =AI12-O12 -> #DIV/0! | AM12: =AL12/$AL$9-1 -> #DIV/0! | AO12: =AN12/$AN$9-1 -> #DIV/0! | AP12: =AO12-C12 -> #DIV/0! | AR12: =AQ12/$AQ$9-1 -> #DIV/0! | AS12: =AP12+AR12 -> #DIV/0! | AU12: =AT12/$AT$9-1 -> #DIV/0! | AW12: =AV12/$AV$9-1 -> #DIV/0!
A13: 2025/11/24-19时Close | C13: =B13/$B$9-1 -> #DIV/0! | E13: =D13/$D$9-1 -> #DIV/0! | F13: =E13-C13 -> #DIV/0! | H13: =G13/$G$9-1 -> #DIV/0! | I13: =H13-C13 -> #DIV/0! | K13: =J13/$J$9-1 -> #DIV/0! | L13: =H13-K13 -> #DIV/0! | M13: =L13-C13 -> #DIV/0! | O13: =N13/$N$9-1 -> #DIV/0! | Q13: =P13/$P$9-1 -> #DIV/0! | R13: =Q13-C13 -> #DIV/0! | T13: =S13/$S$9-1 -> #DIV/0! | U13: =R13+T13 -> #DIV/0! | W13: =V13/$V$9-1 -> #DIV/0! | X13: =W13-C13 -> #DIV/0! | Z13: =Y13/$Y$9-1 -> #DIV/0! | AA13: =X13+Z13 -> #DIV/0! | AC13: =AB13/$AB$9-1 -> #DIV/0! | AE13: =AD13/$AD$9-1 -> #DIV/0! | AF13: =AE13-C13 -> #DIV/0! | AG13: =AF13+Z13 -> #DIV/0! | AI13: =AH13/$AH$9-1 -> #DIV/0! | AJ13: =AI13-K13 -> #DIV/0! | AK13: =AI13-O13 -> #DIV/0! | AM13: =AL13/$AL$9-1 -> #DIV/0! | AO13: =AN13/$AN$9-1 -> #DIV/0! | AP13: =AO13-C13 -> #DIV/0! | AR13: =AQ13/$AQ$9-1 -> #DIV/0! | AS13: =AP13+AR13 -> #DIV/0! | AU13: =AT13/$AT$9-1 -> #DIV/0! | AW13: =AV13/$AV$9-1 -> #DIV/0!
A14: 2025/11/24-20时Close | C14: =B14/$B$9-1 -> #DIV/0! | E14: =D14/$D$9-1 -> #DIV/0! | F14: =E14-C14 -> #DIV/0! | H14: =G14/$G$9-1 -> #DIV/0! | I14: =H14-C14 -> #DIV/0! | K14: =J14/$J$9-1 -> #DIV/0! | L14: =H14-K14 -> #DIV/0! | M14: =L14-C14 -> #DIV/0! | O14: =N14/$N$9-1 -> #DIV/0! | Q14: =P14/$P$9-1 -> #DIV/0! | R14: =Q14-C14 -> #DIV/0! | T14: =S14/$S$9-1 -> #DIV/0! | U14: =R14+T14 -> #DIV/0! | W14: =V14/$V$9-1 -> #DIV/0! | X14: =W14-C14 -> #DIV/0! | Z14: =Y14/$Y$9-1 -> #DIV/0! | AA14: =X14+Z14 -> #DIV/0! | AC14: =AB14/$AB$9-1 -> #DIV/0! | AE14: =AD14/$AD$9-1 -> #DIV/0! | AF14: =AE14-C14 -> #DIV/0! | AG14: =AF14+Z14 -> #DIV/0! | AI14: =AH14/$AH$9-1 -> #DIV/0! | AJ14: =AI14-K14 -> #DIV/0! | AK14: =AI14-O14 -> #DIV/0! | AM14: =AL14/$AL$9-1 -> #DIV/0! | AO14: =AN14/$AN$9-1 -> #DIV/0! | AP14: =AO14-C14 -> #DIV/0! | AR14: =AQ14/$AQ$9-1 -> #DIV/0! | AS14: =AP14+AR14 -> #DIV/0! | AU14: =AT14/$AT$9-1 -> #DIV/0! | AW14: =AV14/$AV$9-1 -> #DIV/0!

Sheet 15时
B1: US500 | D1: HK50 | F1: HK50-US500 | G1: NIKKEI(Japan225) | I1: NIKKEI-US500 | J1: USD/JPY(Yen) | L1: NIKKEI-Yen(NKC) | M1: NKC-US500 | N1: USD/SGD | P1: UK100(FTSE英国) | R1: FTSE英国-US500 | S1: GBP/USD | U1: FTSE英国-US500+GBP/USD | V1: France40(CAC法国) | X1: CAC法国-US500 | Y1: EUR/USD | AA1: CAC法国-US500+EUR/USD | AB1: USD/INR | AD1: Germany40 | AF1: Germany40-US500 | AG1: Germany40-US500+EUR/USD | AH1: USD/CNH | AJ1: USD/CNH-Yen | AK1: USD/CNH-USD/SGD | AL1: USD/TWD | AN1: Australia200 | AP1: Australia-US500 | AQ1: AUD/USD | AS1: Australia-US500+AUD/USD | AT1: USDKRW | AV1: USDMXN
A2: Timestamp | B2: Close | C2: Change | D2: Close | E2: Change | F2: Change | G2: Close | H2: Change | I2: Change | J2: Close | K2: Change | L2: Change | M2: Change | N2: Close | O2: Change | P2: Close | Q2: Change | R2: Change | S2: Close | T2: Change | U2: Change | V2: Close | W2: Change | X2: Change | Y2: Close | Z2: Change | AA2: Change | AB2: Close | AC2: Change | AD2: Close | AE2: Change | AF2: Change | AG2: Change | AH2: Close | AI2: Change | AJ2: Change | AK2: Change | AL2: Close | AM2: Change | AN2: Close | AO2: Change | AP2: Change | AQ2: Close | AR2: Change | AS2: Change | AT2: Close | AU2: Change | AV2: Close | AW2: Change
A3: 2025/11/21-15时Close
A4: 2025/11/21-18时Close
A5: 2025/11/21-18:30时Close
A6: 2025/11/21-19时Close
A7: 2025/11/21-19时Close
A8: 2025/11/21-20时Close
A9: 2025/11/24-15时Close | C9: =B9/B3-1 -> #DIV/0! | E9: =D9/D3-1 -> #DIV/0! | F9: =E9-C9 -> #DIV/0! | H9: =G9/G3-1 -> #DIV/0! | I9: =H9-C9 -> #DIV/0! | K9: =J9/J3-1 -> #DIV/0! | L9: =H9-K9 -> #DIV/0! | M9: =L9-C9 -> #DIV/0! | O9: =N9/N3-1 -> #DIV/0! | Q9: =P9/P3-1 -> #DIV/0! | R9: =Q9-C9 -> #DIV/0! | T9: =S9/S3-1 -> #DIV/0! | U9: =R9+T9 -> #DIV/0! | W9: =V9/V3-1 -> #DIV/0! | X9: =W9-C9 -> #DIV/0! | Z9: =Y9/Y3-1 -> #DIV/0! | AA9: =X9+Z9 -> #DIV/0! | AC9: =AB9/AB3-1 -> #DIV/0! | AE9: =AD9/AD3-1 -> #DIV/0! | AF9: =AE9-C9 -> #DIV/0! | AG9: =AF9+Z9 -> #DIV/0! | AI9: =AH9/AH3-1 -> #DIV/0! | AJ9: =AI9-K9 -> #DIV/0! | AK9: =AI9-O9 -> #DIV/0! | AM9: =AL9/AL3-1 -> #DIV/0! | AO9: =AN9/AN3-1 -> #DIV/0! | AP9: =AO9-C9 -> #DIV/0! | AR9: =AQ9/AQ3-1 -> #DIV/0! | AS9: =AP9+AR9 -> #DIV/0! | AU9: =AT9/AT3-1 -> #DIV/0! | AW9: =AV9/AV3-1 -> #DIV/0!
A10: 2025/11/24-18时Close | C10: =B10/$B$9-1 -> #DIV/0! | E10: =D10/$D$9-1 -> #DIV/0! | F10: =E10-C10 -> #DIV/0! | H10: =G10/$G$9-1 -> #DIV/0! | I10: =H10-C10 -> #DIV/0! | K10: =J10/$J$9-1 -> #DIV/0! | L10: =H10-K10 -> #DIV/0! | M10: =L10-C10 -> #DIV/0! | O10: =N10/$N$9-1 -> #DIV/0! | Q10: =P10/$P$9-1 -> #DIV/0! | R10: =Q10-C10 -> #DIV/0! | T10: =S10/$S$9-1 -> #DIV/0! | U10: =R10+T10 -> #DIV/0! | W10: =V10/$V$9-1 -> #DIV/0! | X10: =W10-C10 -> #DIV/0! | Z10: =Y10/$Y$9-1 -> #DIV/0! | AA10: =X10+Z10 -> #DIV/0! | AC10: =AB10/$AB$9-1 -> #DIV/0! | AE10: =AD10/$AD$9-1 -> #DIV/0! | AF10: =AE10-C10 -> #DIV/0! | AG10: =AF10+Z10 -> #DIV/0! | AI10: =AH10/$AH$9-1 -> #DIV/0! | AJ10: =AI10-K10 -> #DIV/0! | AK10: =AI10-O10 -> #DIV/0! | AM10: =AL10/$AL$9-1 -> #DIV/0! | AO10: =AN10/$AN$9-1 -> #DIV/0! | AP10: =AO10-C10 -> #DIV/0! | AR10: =AQ10/$AQ$9-1 -> #DIV/0! | AS10: =AP10+AR10 -> #DIV/0! | AU10: =AT10/$AT$9-1 -> #DIV/0! | AW10: =AV10/$AV$9-1 -> #DIV/0!
A11: 2025/11/24-18:30时Close | C11: =B11/$B$9-1 -> #DIV/0! | E11: =D11/$D$9-1 -> #DIV/0! | F11: =E11-C11 -> #DIV/0! | H11: =G11/$G$9-1 -> #DIV/0! | I11: =H11-C11 -> #DIV/0! | K11: =J11/$J$9-1 -> #DIV/0! | L11: =H11-K11 -> #DIV/0! | M11: =L11-C11 -> #DIV/0! | O11: =N11/$N$9-1 -> #DIV/0! | Q11: =P11/$P$9-1 -> #DIV/0! | R11: =Q11-C11 -> #DIV/0! | T11: =S11/$S$9-1 -> #DIV/0! | U11: =R11+T11 -> #DIV/0! | W11: =V11/$V$9-1 -> #DIV/0! | X11: =W11-C11 -> #DIV/0! | Z11: =Y11/$Y$9-1 -> #DIV/0! | AA11: =X11+Z11 -> #DIV/0! | AC11: =AB11/$AB$9-1 -> #DIV/0! | AE11: =AD11/$AD$9-1 -> #DIV/0! | AF11: =AE11-C11 -> #DIV/0! | AG11: =AF11+Z11 -> #DIV/0! | AI11: =AH11/$AH$9-1 -> #DIV/0! | AJ11: =AI11-K11 -> #DIV/0! | AK11: =AI11-O11 -> #DIV/0! | AM11: =AL11/$AL$9-1 -> #DIV/0! | AO11: =AN11/$AN$9-1 -> #DIV/0! | AP11: =AO11-C11 -> #DIV/0! | AR11: =AQ11/$AQ$9-1 -> #DIV/0! | AS11: =AP11+AR11 -> #DIV/0! | AU11: =AT11/$AT$9-1 -> #DIV/0! | AW11: =AV11/$AV$9-1 -> #DIV/0!
A12: 2025/11/24-19时Close | C12: =B12/$B$9-1 -> #DIV/0! | E12: =D12/$D$9-1 -> #DIV/0! | F12: =E12-C12 -> #DIV/0! | H12: =G12/$G$9-1 -> #DIV/0! | I12: =H12-C12 -> #DIV/0! | K12: =J12/$J$9-1 -> #DIV/0! | L12: =H12-K12 -> #DIV/0! | M12: =L12-C12 -> #DIV/0! | O12: =N12/$N$9-1 -> #DIV/0! | Q12: =P12/$P$9-1 -> #DIV/0! | R12: =Q12-C12 -> #DIV/0! | T12: =S12/$S$9-1 -> #DIV/0! | U12: =R12+T12 -> #DIV/0! | W12: =V12/$V$9-1 -> #DIV/0! | X12: =W12-C12 -> #DIV/0! | Z12: =Y12/$Y$9-1 -> #DIV/0! | AA12: =X12+Z12 -> #DIV/0! | AC12: =AB12/$AB$9-1 -> #DIV/0! | AE12: =AD12/$AD$9-1 -> #DIV/0! | AF12: =AE12-C12 -> #DIV/0! | AG12: =AF12+Z12 -> #DIV/0! | AI12: =AH12/$AH$9-1 -> #DIV/0! | AJ12: =AI12-K12 -> #DIV/0! | AK12: =AI12-O12 -> #DIV/0! | AM12: =AL12/$AL$9-1 -> #DIV/0! | AO12: =AN12/$AN$9-1 -> #DIV/0! | AP12: =AO12-C12 -> #DIV/0! | AR12: =AQ12/$AQ$9-1 -> #DIV/0! | AS12: =AP12+AR12 -> #DIV/0! | AU12: =AT12/$AT$9-1 -> #DIV/0! | AW12: =AV12/$AV$9-1 -> #DIV/0!
A13: 2025/11/24-19时Close | C13: =B13/$B$9-1 -> #DIV/0! | E13: =D13/$D$9-1 -> #DIV/0! | F13: =E13-C13 -> #DIV/0! | H13: =G13/$G$9-1 -> #DIV/0! | I13: =H13-C13 -> #DIV/0! | K13: =J13/$J$9-1 -> #DIV/0! | L13: =H13-K13 -> #DIV/0! | M13: =L13-C13 -> #DIV/0! | O13: =N13/$N$9-1 -> #DIV/0! | Q13: =P13/$P$9-1 -> #DIV/0! | R13: =Q13-C13 -> #DIV/0! | T13: =S13/$S$9-1 -> #DIV/0! | U13: =R13+T13 -> #DIV/0! | W13: =V13/$V$9-1 -> #DIV/0! | X13: =W13-C13 -> #DIV/0! | Z13: =Y13/$Y$9-1 -> #DIV/0! | AA13: =X13+Z13 -> #DIV/0! | AC13: =AB13/$AB$9-1 -> #DIV/0! | AE13: =AD13/$AD$9-1 -> #DIV/0! | AF13: =AE13-C13 -> #DIV/0! | AG13: =AF13+Z13 -> #DIV/0! | AI13: =AH13/$AH$9-1 -> #DIV/0! | AJ13: =AI13-K13 -> #DIV/0! | AK13: =AI13-O13 -> #DIV/0! | AM13: =AL13/$AL$9-1 -> #DIV/0! | AO13: =AN13/$AN$9-1 -> #DIV/0! | AP13: =AO13-C13 -> #DIV/0! | AR13: =AQ13/$AQ$9-1 -> #DIV/0! | AS13: =AP13+AR13 -> #DIV/0! | AU13: =AT13/$AT$9-1 -> #DIV/0! | AW13: =AV13/$AV$9-1 -> #DIV/0!
A14: 2025/11/24-20时Close | C14: =B14/$B$9-1 -> #DIV/0! | E14: =D14/$D$9-1 -> #DIV/0! | F14: =E14-C14 -> #DIV/0! | H14: =G14/$G$9-1 -> #DIV/0! | I14: =H14-C14 -> #DIV/0! | K14: =J14/$J$9-1 -> #DIV/0! | L14: =H14-K14 -> #DIV/0! | M14: =L14-C14 -> #DIV/0! | O14: =N14/$N$9-1 -> #DIV/0! | Q14: =P14/$P$9-1 -> #DIV/0! | R14: =Q14-C14 -> #DIV/0! | T14: =S14/$S$9-1 -> #DIV/0! | U14: =R14+T14 -> #DIV/0! | W14: =V14/$V$9-1 -> #DIV/0! | X14: =W14-C14 -> #DIV/0! | Z14: =Y14/$Y$9-1 -> #DIV/0! | AA14: =X14+Z14 -> #DIV/0! | AC14: =AB14/$AB$9-1 -> #DIV/0! | AE14: =AD14/$AD$9-1 -> #DIV/0! | AF14: =AE14-C14 -> #DIV/0! | AG14: =AF14+Z14 -> #DIV/0! | AI14: =AH14/$AH$9-1 -> #DIV/0! | AJ14: =AI14-K14 -> #DIV/0! | AK14: =AI14-O14 -> #DIV/0! | AM14: =AL14/$AL$9-1 -> #DIV/0! | AO14: =AN14/$AN$9-1 -> #DIV/0! | AP14: =AO14-C14 -> #DIV/0! | AR14: =AQ14/$AQ$9-1 -> #DIV/0! | AS14: =AP14+AR14 -> #DIV/0! | AU14: =AT14/$AT$9-1 -> #DIV/0! | AW14: =AV14/$AV$9-1 -> #DIV/0!
W19: .

Sheet 20时
B1: US500 | D1: HK50 | F1: HK50-US500 | G1: NIKKEI(Japan225) | I1: NIKKEI-US500 | J1: USD/JPY(Yen) | L1: NIKKEI-Yen(NKC) | M1: NKC-US500 | N1: USD/SGD | P1: UK100(FTSE英国) | R1: FTSE英国-US500 | S1: GBP/USD | U1: FTSE英国-US500+GBP/USD | V1: France40(CAC法国) | X1: CAC法国-US500 | Y1: EUR/USD | AA1: CAC法国-US500+EUR/USD | AB1: USD/INR | AD1: Germany40 | AF1: Germany40-US500 | AG1: Germany40-US500+EUR/USD | AH1: USD/CNH | AJ1: USD/CNH-Yen | AK1: USD/CNH-USD/SGD | AL1: USD/TWD | AN1: Australia200 | AP1: Australia-US500 | AQ1: AUD/USD | AS1: Australia-US500+AUD/USD | AT1: USDKRW | AV1: USDMXN
A2: Timestamp | B2: Close | C2: Change | D2: Close | E2: Change | F2: Change | G2: Close | H2: Change | I2: Change | J2: Close | K2: Change | L2: Change | M2: Change | N2: Close | O2: Change | P2: Close | Q2: Change | R2: Change | S2: Close | T2: Change | U2: Change | V2: Close | W2: Change | X2: Change | Y2: Close | Z2: Change | AA2: Change | AB2: Close | AC2: Change | AD2: Close | AE2: Change | AF2: Change | AG2: Change | AH2: Close | AI2: Change | AJ2: Change | AK2: Change | AL2: Close | AM2: Change | AN2: Close | AO2: Change | AP2: Change | AQ2: Close | AR2: Change | AS2: Change | AT2: Close | AU2: Change | AV2: Close | AW2: Change
A3: 2025/11/21-18时Close
A4: 2025/11/21-18时Close
A5: 2025/11/21-18:30时Close
A6: 2025/11/21-19时Close
A7: 2025/11/21-19时Close
A8: 2025/11/21-20时Close
A9: 2025/11/24-18时Close | C9: =B9/B7-1 -> #DIV/0! | E9: =D9/D7-1 -> #DIV/0! | F9: =E9-C9 -> #DIV/0! | H9: =G9/G7-1 -> #DIV/0! | I9: =H9-C9 -> #DIV/0! | K9: =J9/J7-1 -> #DIV/0! | L9: =H9-K9 -> #DIV/0! | M9: =L9-C9 -> #DIV/0! | O9: =N9/N7-1 -> #DIV/0! | Q9: =P9/P7-1 -> #DIV/0! | R9: =Q9-C9 -> #DIV/0! | T9: =S9/S7-1 -> #DIV/0! | U9: =R9+T9 -> #DIV/0! | W9: =V9/V7-1 -> #DIV/0! | X9: =W9-C9 -> #DIV/0! | Z9: =Y9/Y7-1 -> #DIV/0! | AA9: =X9+Z9 -> #DIV/0! | AC9: =AB9/AB7-1 -> #DIV/0! | AE9: =AD9/AD7-1 -> #DIV/0! | AF9: =AE9-C9 -> #DIV/0! | AG9: =AF9+Z9 -> #DIV/0! | AI9: =AH9/AH7-1 -> #DIV/0! | AJ9: =AI9-X9 -> #DIV/0! | AK9: =AI9-O9 -> #DIV/0! | AM9: =AL9/AL7-1 -> #DIV/0! | AO9: =AN9/AN7-1 -> #DIV/0! | AP9: =AO9-C9 -> #DIV/0! | AR9: =AQ9/AQ7-1 -> #DIV/0! | AS9: =AP9+AR9 -> #DIV/0! | AU9: =AT9/AT7-1 -> #DIV/0! | AW9: =AV9/AV7-1 -> #DIV/0!
A10: 2025/11/24-18时Close | C10: =B10/B8-1 -> #DIV/0! | E10: =D10/D8-1 -> #DIV/0! | F10: =E10-C10 -> #DIV/0! | H10: =G10/G8-1 -> #DIV/0! | I10: =H10-C10 -> #DIV/0! | K10: =J10/J8-1 -> #DIV/0! | L10: =H10-K10 -> #DIV/0! | M10: =L10-C10 -> #DIV/0! | O10: =N10/N8-1 -> #DIV/0! | Q10: =P10/P8-1 -> #DIV/0! | R10: =Q10-C10 -> #DIV/0! | T10: =S10/S8-1 -> #DIV/0! | U10: =R10+T10 -> #DIV/0! | W10: =V10/V8-1 -> #DIV/0! | X10: =W10-C10 -> #DIV/0! | Z10: =Y10/Y8-1 -> #DIV/0! | AA10: =X10+Z10 -> #DIV/0! | AC10: =AB10/AB8-1 -> #DIV/0! | AE10: =AD10/AD8-1 -> #DIV/0! | AF10: =AE10-C10 -> #DIV/0! | AG10: =AF10+Z10 -> #DIV/0! | AI10: =AH10/AH8-1 -> #DIV/0! | AJ10: =AI10-X10 -> #DIV/0! | AK10: =AI10-O10 -> #DIV/0! | AM10: =AL10/AL8-1 -> #DIV/0! | AO10: =AN10/AN8-1 -> #DIV/0! | AP10: =AO10-C10 -> #DIV/0! | AR10: =AQ10/AQ8-1 -> #DIV/0! | AS10: =AP10+AR10 -> #DIV/0! | AU10: =AT10/AT8-1 -> #DIV/0! | AW10: =AV10/AV8-1 -> #DIV/0!
A11: 2025/11/24-18:30时Close | C11: =B11/B8-1 -> #DIV/0! | E11: =D11/D8-1 -> #DIV/0! | F11: =E11-C11 -> #DIV/0! | H11: =G11/G8-1 -> #DIV/0! | I11: =H11-C11 -> #DIV/0! | K11: =J11/J8-1 -> #DIV/0! | L11: =H11-K11 -> #DIV/0! | M11: =L11-C11 -> #DIV/0! | O11: =N11/N8-1 -> #DIV/0! | Q11: =P11/P8-1 -> #DIV/0! | R11: =Q11-C11 -> #DIV/0! | T11: =S11/S8-1 -> #DIV/0! | U11: =R11+T11 -> #DIV/0! | W11: =V11/V8-1 -> #DIV/0! | X11: =W11-C11 -> #DIV/0! | Z11: =Y11/Y8-1 -> #DIV/0! | AA11: =X11+Z11 -> #DIV/0! | AC11: =AB11/AB8-1 -> #DIV/0! | AE11: =AD11/AD8-1 -> #DIV/0! | AF11: =AE11-C11 -> #DIV/0! | AG11: =AF11+Z11 -> #DIV/0! | AI11: =AH11/AH8-1 -> #DIV/0! | AJ11: =AI11-X11 -> #DIV/0! | AK11: =AI11-O11 -> #DIV/0! | AM11: =AL11/AL8-1 -> #DIV/0! | AO11: =AN11/AN8-1 -> #DIV/0! | AP11: =AO11-C11 -> #DIV/0! | AR11: =AQ11/AQ8-1 -> #DIV/0! | AS11: =AP11+AR11 -> #DIV/0! | AU11: =AT11/AT8-1 -> #DIV/0! | AW11: =AV11/AV8-1 -> #DIV/0!
A12: 2025/11/24-19时Close | C12: =B12/B7-1 -> #DIV/0! | E12: =D12/D7-1 -> #DIV/0! | F12: =E12-C12 -> #DIV/0! | H12: =G12/G7-1 -> #DIV/0! | I12: =H12-C12 -> #DIV/0! | K12: =J12/J7-1 -> #DIV/0! | L12: =H12-K12 -> #DIV/0! | M12: =L12-C12 -> #DIV/0! | O12: =N12/N7-1 -> #DIV/0! | Q12: =P12/P7-1 -> #DIV/0! | R12: =Q12-C12 -> #DIV/0! | T12: =S12/S7-1 -> #DIV/0! | U12: =R12+T12 -> #DIV/0! | W12: =V12/V7-1 -> #DIV/0! | X12: =W12-C12 -> #DIV/0! | Z12: =Y12/Y7-1 -> #DIV/0! | AA12: =X12+Z12 -> #DIV/0! | AC12: =AB12/AB7-1 -> #DIV/0! | AE12: =AD12/AD7-1 -> #DIV/0! | AF12: =AE12-C12 -> #DIV/0! | AG12: =AF12+Z12 -> #DIV/0! | AI12: =AH12/AH7-1 -> #DIV/0! | AJ12: =AI12-X12 -> #DIV/0! | AK12: =AI12-O12 -> #DIV/0! | AM12: =AL12/AL7-1 -> #DIV/0! | AO12: =AN12/AN7-1 -> #DIV/0! | AP12: =AO12-C12 -> #DIV/0! | AR12: =AQ12/AQ7-1 -> #DIV/0! | AS12: =AP12+AR12 -> #DIV/0! | AU12: =AT12/AT7-1 -> #DIV/0! | AW12: =AV12/AV7-1 -> #DIV/0!
A13: 2025/11/24-19时Close | C13: =B13/B8-1 -> #DIV/0! | E13: =D13/D8-1 -> #DIV/0! | F13: =E13-C13 -> #DIV/0! | H13: =G13/G8-1 -> #DIV/0! | I13: =H13-C13 -> #DIV/0! | K13: =J13/J8-1 -> #DIV/0! | L13: =H13-K13 -> #DIV/0! | M13: =L13-C13 -> #DIV/0! | O13: =N13/N8-1 -> #DIV/0! | Q13: =P13/P8-1 -> #DIV/0! | R13: =Q13-C13 -> #DIV/0! | T13: =S13/S8-1 -> #DIV/0! | U13: =R13+T13 -> #DIV/0! | W13: =V13/V8-1 -> #DIV/0! | X13: =W13-C13 -> #DIV/0! | Z13: =Y13/Y8-1 -> #DIV/0! | AA13: =X13+Z13 -> #DIV/0! | AC13: =AB13/AB8-1 -> #DIV/0! | AE13: =AD13/AD8-1 -> #DIV/0! | AF13: =AE13-C13 -> #DIV/0! | AG13: =AF13+Z13 -> #DIV/0! | AI13: =AH13/AH8-1 -> #DIV/0! | AJ13: =AI13-X13 -> #DIV/0! | AK13: =AI13-O13 -> #DIV/0! | AM13: =AL13/AL8-1 -> #DIV/0! | AO13: =AN13/AN8-1 -> #DIV/0! | AP13: =AO13-C13 -> #DIV/0! | AR13: =AQ13/AQ8-1 -> #DIV/0! | AS13: =AP13+AR13 -> #DIV/0! | AU13: =AT13/AT8-1 -> #DIV/0! | AW13: =AV13/AV8-1 -> #DIV/0!
A14: 2025/11/24-20时Close | C14: =B14/B8-1 -> #DIV/0! | E14: =D14/D8-1 -> #DIV/0! | F14: =E14-C14 -> #DIV/0! | H14: =G14/G8-1 -> #DIV/0! | I14: =H14-C14 -> #DIV/0! | K14: =J14/J8-1 -> #DIV/0! | L14: =H14-K14 -> #DIV/0! | M14: =L14-C14 -> #DIV/0! | O14: =N14/N8-1 -> #DIV/0! | Q14: =P14/P8-1 -> #DIV/0! | R14: =Q14-C14 -> #DIV/0! | T14: =S14/S8-1 -> #DIV/0! | U14: =R14+T14 -> #DIV/0! | W14: =V14/V8-1 -> #DIV/0! | X14: =W14-C14 -> #DIV/0! | Z14: =Y14/Y8-1 -> #DIV/0! | AA14: =X14+Z14 -> #DIV/0! | AC14: =AB14/AB8-1 -> #DIV/0! | AE14: =AD14/AD8-1 -> #DIV/0! | AF14: =AE14-C14 -> #DIV/0! | AG14: =AF14+Z14 -> #DIV/0! | AI14: =AH14/AH8-1 -> #DIV/0! | AJ14: =AI14-X14 -> #DIV/0! | AK14: =AI14-O14 -> #DIV/0! | AM14: =AL14/AL8-1 -> #DIV/0! | AO14: =AN14/AN8-1 -> #DIV/0! | AP14: =AO14-C14 -> #DIV/0! | AR14: =AQ14/AQ8-1 -> #DIV/0! | AS14: =AP14+AR14 -> #DIV/0! | AU14: =AT14/AT8-1 -> #DIV/0! | AW14: =AV14/AV8-1 -> #DIV/0!

Sheet 05变化率
C1: US500 | D1: HK50 | E1: HK50-US500 | F1: NIKKEI(Japan225) | G1: NIKKEI-US500 | H1: USD/JPY(Yen) | I1: NIKKEI-Yen(NKC) | J1: NKC-US500 | K1: USD/SGD | L1: UK100(FTSE英国) | M1: FTSE英国-US500 | N1: GBP/USD | O1: FTSE英国-US500+GBP/USD | P1: France40(CAC法国) | Q1: CAC法国-US500 | R1: EUR/USD | S1: CAC法国-US500+EUR/USD | T1: USD/INR | U1: Germany40 | V1: Germany40-US500 | W1: Germany40-US500+EUR/USD | X1: USD/CNH | Y1: USD/CNH-Yen | Z1: USD/CNH-USD/SGD | AA1: USD/TWD | AB1: Australia200 | AC1: Australia-US500 | AD1: AUD/USD | AE1: Australia-US500+AUD/USD | AF1: USDKRW | AG1: USDMXN
A2: Date | B2: Time | C2: Change | D2: Change | E2: Change | F2: Change | G2: Change | H2: Change | I2: Change | J2: Change | K2: Change | L2: Change | M2: Change | N2: Change | O2: Change | P2: Change | Q2: Change | R2: Change | S2: Change | T2: Change | U2: Change | V2: Change | W2: Change | X2: Change | Y2: Change | Z2: Change | AA2: Change | AB2: Change | AC2: Change | AD2: Change | AE2: Change | AF2: Change | AG2: Change
A3: 2025/11/21 | B3: 05'时-05时
B4: 18'时-05'时
B5: 1830'时-05'时
B6: 19'时-05'时
B7: 19'时-05'时
B8: 20'时-05'时
A9: 2025/11/24 | B9: 05'时-05时 | C9: ='05时'!C9 -> #DIV/0! | D9: ='05时'!E9 -> #DIV/0! | E9: ='05时'!F9 -> #DIV/0! | F9: ='05时'!H9 -> #DIV/0! | G9: ='05时'!I9 -> #DIV/0! | H9: ='05时'!K9 -> #DIV/0! | I9: ='05时'!L9 -> #DIV/0! | J9: ='05时'!M9 -> #DIV/0! | K9: ='05时'!O9 -> #DIV/0! | L9: ='05时'!Q9 -> #DIV/0! | M9: ='05时'!R9 -> #DIV/0! | N9: ='05时'!T9 -> #DIV/0! | O9: ='05时'!U9 -> #DIV/0! | P9: ='05时'!W9 -> #DIV/0! | Q9: ='05时'!X9 -> #DIV/0! | R9: ='05时'!Z9 -> #DIV/0! | S9: ='05时'!AA9 -> #DIV/0! | T9: ='05时'!AC9 -> #DIV/0! | U9: ='05时'!AE9 -> #DIV/0! | V9: ='05时'!AF9 -> #DIV/0! | W9: ='05时'!AG9 -> #DIV/0! | X9: ='05时'!AI9 -> #DIV/0! | Y9: ='05时'!AJ9 -> #DIV/0! | Z9: ='05时'!AK9 -> #DIV/0! | AA9: ='05时'!AM9 -> #DIV/0! | AB9: ='05时'!AO9 -> #DIV/0! | AC9: ='05时'!AP9 -> #DIV/0! | AD9: ='05时'!AR9 -> #DIV/0! | AE9: ='05时'!AS9 -> #DIV/0! | AF9: ='05时'!AU9 -> #DIV/0! | AG9: ='05时'!AW9 -> #DIV/0!
B10: 18'时-05'时 | C10: ='05时'!C10 -> #DIV/0! | D10: ='05时'!E10 -> #DIV/0! | E10: ='05时'!F10 -> #DIV/0! | F10: ='05时'!H10 -> #DIV/0! | G10: ='05时'!I10 -> #DIV/0! | H10: ='05时'!K10 -> #DIV/0! | I10: ='05时'!L10 -> #DIV/0! | J10: ='05时'!M10 -> #DIV/0! | K10: ='05时'!O10 -> #DIV/0! | L10: ='05时'!Q10 -> #DIV/0! | M10: ='05时'!R10 -> #DIV/0! | N10: ='05时'!T10 -> #DIV/0! | O10: ='05时'!U10 -> #DIV/0! | P10: ='05时'!W10 -> #DIV/0! | Q10: ='05时'!X10 -> #DIV/0! | R10: ='05时'!Z10 -> #DIV/0! | S10: ='05时'!AA10 -> #DIV/0! | T10: ='05时'!AC10 -> #DIV/0! | U10: ='05时'!AE10 -> #DIV/0! | V10: ='05时'!AF10 -> #DIV/0! | W10: ='05时'!AG10 -> #DIV/0! | X10: ='05时'!AI10 -> #DIV/0! | Y10: ='05时'!AJ10 -> #DIV/0! | Z10: ='05时'!AK10 -> #DIV/0! | AA10: ='05时'!AM10 -> #DIV/0! | AB10: ='05时'!AO10 -> #DIV/0! | AC10: ='05时'!AP10 -> #DIV/0! | AD10: ='05时'!AR10 -> #DIV/0! | AE10: ='05时'!AS10 -> #DIV/0! | AF10: ='05时'!AU10 -> #DIV/0! | AG10: ='05时'!AW10 -> #DIV/0!
B11: 1830'时-05'时 | C11: ='05时'!C11 -> #DIV/0! | D11: ='05时'!E11 -> #DIV/0! | E11: ='05时'!F11 -> #DIV/0! | F11: ='05时'!H11 -> #DIV/0! | G11: ='05时'!I11 -> #DIV/0! | H11: ='05时'!K11 -> #DIV/0! | I11: ='05时'!L11 -> #DIV/0! | J11: ='05时'!M11 -> #DIV/0! | K11: ='05时'!O11 -> #DIV/0! | L11: ='05时'!Q11 -> #DIV/0! | M11: ='05时'!R11 -> #DIV/0! | N11: ='05时'!T11 -> #DIV/0! | O11: ='05时'!U11 -> #DIV/0! | P11: ='05时'!W11 -> #DIV/0! | Q11: ='05时'!X11 -> #DIV/0! | R11: ='05时'!Z11 -> #DIV/0! | S11: ='05时'!AA11 -> #DIV/0! | T11: ='05时'!AC11 -> #DIV/0! | U11: ='05时'!AE11 -> #DIV/0! | V11: ='05时'!AF11 -> #DIV/0! | W11: ='05时'!AG11 -> #DIV/0! | X11: ='05时'!AI11 -> #DIV/0! | Y11: ='05时'!AJ11 -> #DIV/0! | Z11: ='05时'!AK11 -> #DIV/0! | AA11: ='05时'!AM11 -> #DIV/0! | AB11: ='05时'!AO11 -> #DIV/0! | AC11: ='05时'!AP11 -> #DIV/0! | AD11: ='05时'!AR11 -> #DIV/0! | AE11: ='05时'!AS11 -> #DIV/0! | AF11: ='05时'!AU11 -> #DIV/0! | AG11: ='05时'!AW11 -> #DIV/0!
B12: 19'时-05'时 | C12: ='05时'!C12 -> #DIV/0! | D12: ='05时'!E12 -> #DIV/0! | E12: ='05时'!F12 -> #DIV/0! | F12: ='05时'!H12 -> #DIV/0! | G12: ='05时'!I12 -> #DIV/0! | H12: ='05时'!K12 -> #DIV/0! | I12: ='05时'!L12 -> #DIV/0! | J12: ='05时'!M12 -> #DIV/0! | K12: ='05时'!O12 -> #DIV/0! | L12: ='05时'!Q12 -> #DIV/0! | M12: ='05时'!R12 -> #DIV/0! | N12: ='05时'!T12 -> #DIV/0! | O12: ='05时'!U12 -> #DIV/0! | P12: ='05时'!W12 -> #DIV/0! | Q12: ='05时'!X12 -> #DIV/0! | R12: ='05时'!Z12 -> #DIV/0! | S12: ='05时'!AA12 -> #DIV/0! | T12: ='05时'!AC12 -> #DIV/0! | U12: ='05时'!AE12 -> #DIV/0! | V12: ='05时'!AF12 -> #DIV/0! | W12: ='05时'!AG12 -> #DIV/0! | X12: ='05时'!AI12 -> #DIV/0! | Y12: ='05时'!AJ12 -> #DIV/0! | Z12: ='05时'!AK12 -> #DIV/0! | AA12: ='05时'!AM12 -> #DIV/0! | AB12: ='05时'!AO12 -> #DIV/0! | AC12: ='05时'!AP12 -> #DIV/0! | AD12: ='05时'!AR12 -> #DIV/0! | AE12: ='05时'!AS12 -> #DIV/0! | AF12: ='05时'!AU12 -> #DIV/0! | AG12: ='05时'!AW12 -> #DIV/0!
B13: 19'时-05'时 | C13: ='05时'!C13 -> #DIV/0! | D13: ='05时'!E13 -> #DIV/0! | E13: ='05时'!F13 -> #DIV/0! | F13: ='05时'!H13 -> #DIV/0! | G13: ='05时'!I13 -> #DIV/0! | H13: ='05时'!K13 -> #DIV/0! | I13: ='05时'!L13 -> #DIV/0! | J13: ='05时'!M13 -> #DIV/0! | K13: ='05时'!O13 -> #DIV/0! | L13: ='05时'!Q13 -> #DIV/0! | M13: ='05时'!R13 -> #DIV/0! | N13: ='05时'!T13 -> #DIV/0! | O13: ='05时'!U13 -> #DIV/0! | P13: ='05时'!W13 -> #DIV/0! | Q13: ='05时'!X13 -> #DIV/0! | R13: ='05时'!Z13 -> #DIV/0! | S13: ='05时'!AA13 -> #DIV/0! | T13: ='05时'!AC13 -> #DIV/0! | U13: ='05时'!AE13 -> #DIV/0! | V13: ='05时'!AF13 -> #DIV/0! | W13: ='05时'!AG13 -> #DIV/0! | X13: ='05时'!AI13 -> #DIV/0! | Y13: ='05时'!AJ13 -> #DIV/0! | Z13: ='05时'!AK13 -> #DIV/0! | AA13: ='05时'!AM13 -> #DIV/0! | AB13: ='05时'!AO13 -> #DIV/0! | AC13: ='05时'!AP13 -> #DIV/0! | AD13: ='05时'!AR13 -> #DIV/0! | AE13: ='05时'!AS13 -> #DIV/0! | AF13: ='05时'!AU13 -> #DIV/0! | AG13: ='05时'!AW13 -> #DIV/0!
B14: 20'时-05'时 | C14: ='05时'!C14 -> #DIV/0! | D14: ='05时'!E14 -> #DIV/0! | E14: ='05时'!F14 -> #DIV/0! | F14: ='05时'!H14 -> #DIV/0! | G14: ='05时'!I14 -> #DIV/0! | H14: ='05时'!K14 -> #DIV/0! | I14: ='05时'!L14 -> #DIV/0! | J14: ='05时'!M14 -> #DIV/0! | K14: ='05时'!O14 -> #DIV/0! | L14: ='05时'!Q14 -> #DIV/0! | M14: ='05时'!R14 -> #DIV/0! | N14: ='05时'!T14 -> #DIV/0! | O14: ='05时'!U14 -> #DIV/0! | P14: ='05时'!W14 -> #DIV/0! | Q14: ='05时'!X14 -> #DIV/0! | R14: ='05时'!Z14 -> #DIV/0! | S14: ='05时'!AA14 -> #DIV/0! | T14: ='05时'!AC14 -> #DIV/0! | U14: ='05时'!AE14 -> #DIV/0! | V14: ='05时'!AF14 -> #DIV/0! | W14: ='05时'!AG14 -> #DIV/0! | X14: ='05时'!AI14 -> #DIV/0! | Y14: ='05时'!AJ14 -> #DIV/0! | Z14: ='05时'!AK14 -> #DIV/0! | AA14: ='05时'!AM14 -> #DIV/0! | AB14: ='05时'!AO14 -> #DIV/0! | AC14: ='05时'!AP14 -> #DIV/0! | AD14: ='05时'!AR14 -> #DIV/0! | AE14: ='05时'!AS14 -> #DIV/0! | AF14: ='05时'!AU14 -> #DIV/0! | AG14: ='05时'!AW14 -> #DIV/0!

Sheet 07变化率
C1: US500 | D1: HK50 | E1: HK50-US500 | F1: NIKKEI(Japan225) | G1: NIKKEI-US500 | H1: USD/JPY(Yen) | I1: NIKKEI-Yen(NKC) | J1: NKC-US500 | K1: USD/SGD | L1: UK100(FTSE英国) | M1: FTSE英国-US500 | N1: GBP/USD | O1: FTSE英国-US500+GBP/USD | P1: France40(CAC法国) | Q1: CAC法国-US500 | R1: EUR/USD | S1: CAC法国-US500+EUR/USD | T1: USD/INR | U1: Germany40 | V1: Germany40-US500 | W1: Germany40-US500+EUR/USD | X1: USD/CNH | Y1: USD/CNH-Yen | Z1: USD/CNH-USD/SGD | AA1: USD/TWD | AB1: Australia200 | AC1: Australia-US500 | AD1: AUD/USD | AE1: Australia-US500+AUD/USD | AF1: USDKRW | AG1: USDMXN
A2: Date | B2: Time | C2: Change | D2: Change | E2: Change | F2: Change | G2: Change | H2: Change | I2: Change | J2: Change | K2: Change | L2: Change | M2: Change | N2: Change | O2: Change | P2: Change | Q2: Change | R2: Change | S2: Change | T2: Change | U2: Change | V2: Change | W2: Change | X2: Change | Y2: Change | Z2: Change | AA2: Change | AB2: Change | AC2: Change | AD2: Change | AE2: Change | AF2: Change | AG2: Change
A3: 2025/11/21 | B3: 07'时-07时
B4: 18'时-07'时
B5: 18:30'-07'时
B6: 19'时-07'时
B7: 19'时-07'时
B8: 20'时-07'时
A9: 2025/11/24 | B9: 07'时-07时 | C9: ='07时'!C9 -> #DIV/0! | D9: ='07时'!E9 -> #DIV/0! | E9: ='07时'!F9 -> #DIV/0! | F9: ='07时'!H9 -> #DIV/0! | G9: ='07时'!I9 -> #DIV/0! | H9: ='07时'!K9 -> #DIV/0! | I9: ='07时'!L9 -> #DIV/0! | J9: ='07时'!M9 -> #DIV/0! | K9: ='07时'!O9 -> #DIV/0! | L9: ='07时'!Q9 -> #DIV/0! | M9: ='07时'!R9 -> #DIV/0! | N9: ='07时'!T9 -> #DIV/0! | O9: ='07时'!U9 -> #DIV/0! | P9: ='07时'!W9 -> #DIV/0! | Q9: ='07时'!X9 -> #DIV/0! | R9: ='07时'!Z9 -> #DIV/0! | S9: ='07时'!AA9 -> #DIV/0! | T9: ='07时'!AC9 -> #DIV/0! | U9: ='07时'!AE9 -> #DIV/0! | V9: ='07时'!AF9 -> #DIV/0! | W9: ='07时'!AG9 -> #DIV/0! | X9: ='07时'!AI9 -> #DIV/0! | Y9: ='07时'!AJ9 -> #DIV/0! | Z9: ='07时'!AK9 -> #DIV/0! | AA9: ='07时'!AM9 -> #DIV/0! | AB9: ='07时'!AO9 -> #DIV/0! | AC9: ='07时'!AP9 -> #DIV/0! | AD9: ='07时'!AR9 -> #DIV/0! | AE9: ='07时'!AS9 -> #DIV/0! | AF9: ='07时'!AU9 -> #DIV/0! | AG9: ='07时'!AW9 -> #DIV/0!
B10: 18'时-07'时 | C10: ='07时'!C10 -> #DIV/0! | D10: ='07时'!E10 -> #DIV/0! | E10: ='07时'!F10 -> #DIV/0! | F10: ='07时'!H10 -> #DIV/0! | G10: ='07时'!I10 -> #DIV/0! | H10: ='07时'!K10 -> #DIV/0! | I10: ='07时'!L10 -> #DIV/0! | J10: ='07时'!M10 -> #DIV/0! | K10: ='07时'!O10 -> #DIV/0! | L10: ='07时'!Q10 -> #DIV/0! | M10: ='07时'!R10 -> #DIV/0! | N10: ='07时'!T10 -> #DIV/0! | O10: ='07时'!U10 -> #DIV/0! | P10: ='07时'!W10 -> #DIV/0! | Q10: ='07时'!X10 -> #DIV/0! | R10: ='07时'!Z10 -> #DIV/0! | S10: ='07时'!AA10 -> #DIV/0! | T10: ='07时'!AC10 -> #DIV/0! | U10: ='07时'!AE10 -> #DIV/0! | V10: ='07时'!AF10 -> #DIV/0! | W10: ='07时'!AG10 -> #DIV/0! | X10: ='07时'!AI10 -> #DIV/0! | Y10: ='07时'!AJ10 -> #DIV/0! | Z10: ='07时'!AK10 -> #DIV/0! | AA10: ='07时'!AM10 -> #DIV/0! | AB10: ='07时'!AO10 -> #DIV/0! | AC10: ='07时'!AP10 -> #DIV/0! | AD10: ='07时'!AR10 -> #DIV/0! | AE10: ='07时'!AS10 -> #DIV/0! | AF10: ='07时'!AU10 -> #DIV/0! | AG10: ='07时'!AW10 -> #DIV/0!
B11: 18:30'-07'时 | C11: ='07时'!C11 -> #DIV/0! | D11: ='07时'!E11 -> #DIV/0! | E11: ='07时'!F11 -> #DIV/0! | F11: ='07时'!H11 -> #DIV/0! | G11: ='07时'!I11 -> #DIV/0! | H11: ='07时'!K11 -> #DIV/0! | I11: ='07时'!L11 -> #DIV/0! | J11: ='07时'!M11 -> #DIV/0! | K11: ='07时'!O11 -> #DIV/0! | L11: ='07时'!Q11 -> #DIV/0! | M11: ='07时'!R11 -> #DIV/0! | N11: ='07时'!T11 -> #DIV/0! | O11: ='07时'!U11 -> #DIV/0! | P11: ='07时'!W11 -> #DIV/0! | Q11: ='07时'!X11 -> #DIV/0! | R11: ='07时'!Z11 -> #DIV/0! | S11: ='07时'!AA11 -> #DIV/0! | T11: ='07时'!AC11 -> #DIV/0! | U11: ='07时'!AE11 -> #DIV/0! | V11: ='07时'!AF11 -> #DIV/0! | W11: ='07时'!AG11 -> #DIV/0! | X11: ='07时'!AI11 -> #DIV/0! | Y11: ='07时'!AJ11 -> #DIV/0! | Z11: ='07时'!AK11 -> #DIV/0! | AA11: ='07时'!AM11 -> #DIV/0! | AB11: ='07时'!AO11 -> #DIV/0! | AC11: ='07时'!AP11 -> #DIV/0! | AD11: ='07时'!AR11 -> #DIV/0! | AE11: ='07时'!AS11 -> #DIV/0! | AF11: ='07时'!AU11 -> #DIV/0! | AG11: ='07时'!AW11 -> #DIV/0!
B12: 19'时-07'时 | C12: ='07时'!C12 -> #DIV/0! | D12: ='07时'!E12 -> #DIV/0! | E12: ='07时'!F12 -> #DIV/0! | F12: ='07时'!H12 -> #DIV/0! | G12: ='07时'!I12 -> #DIV/0! | H12: ='07时'!K12 -> #DIV/0! | I12: ='07时'!L12 -> #DIV/0! | J12: ='07时'!M12 -> #DIV/0! | K12: ='07时'!O12 -> #DIV/0! | L12: ='07时'!Q12 -> #DIV/0! | M12: ='07时'!R12 -> #DIV/0! | N12: ='07时'!T12 -> #DIV/0! | O12: ='07时'!U12 -> #DIV/0! | P12: ='07时'!W12 -> #DIV/0! | Q12: ='07时'!X12 -> #DIV/0! | R12: ='07时'!Z12 -> #DIV/0! | S12: ='07时'!AA12 -> #DIV/0! | T12: ='07时'!AC12 -> #DIV/0! | U12: ='07时'!AE12 -> #DIV/0! | V12: ='07时'!AF12 -> #DIV/0! | W12: ='07时'!AG12 -> #DIV/0! | X12: ='07时'!AI12 -> #DIV/0! | Y12: ='07时'!AJ12 -> #DIV/0! | Z12: ='07时'!AK12 -> #DIV/0! | AA12: ='07时'!AM12 -> #DIV/0! | AB12: ='07时'!AO12 -> #DIV/0! | AC12: ='07时'!AP12 -> #DIV/0! | AD12: ='07时'!AR12 -> #DIV/0! | AE12: ='07时'!AS12 -> #DIV/0! | AF12: ='07时'!AU12 -> #DIV/0! | AG12: ='07时'!AW12 -> #DIV/0!
B13: 19'时-07'时 | C13: ='07时'!C13 -> #DIV/0! | D13: ='07时'!E13 -> #DIV/0! | E13: ='07时'!F13 -> #DIV/0! | F13: ='07时'!H13 -> #DIV/0! | G13: ='07时'!I13 -> #DIV/0! | H13: ='07时'!K13 -> #DIV/0! | I13: ='07时'!L13 -> #DIV/0! | J13: ='07时'!M13 -> #DIV/0! | K13: ='07时'!O13 -> #DIV/0! | L13: ='07时'!Q13 -> #DIV/0! | M13: ='07时'!R13 -> #DIV/0! | N13: ='07时'!T13 -> #DIV/0! | O13: ='07时'!U13 -> #DIV/0! | P13: ='07时'!W13 -> #DIV/0! | Q13: ='07时'!X13 -> #DIV/0! | R13: ='07时'!Z13 -> #DIV/0! | S13: ='07时'!AA13 -> #DIV/0! | T13: ='07时'!AC13 -> #DIV/0! | U13: ='07时'!AE13 -> #DIV/0! | V13: ='07时'!AF13 -> #DIV/0! | W13: ='07时'!AG13 -> #DIV/0! | X13: ='07时'!AI13 -> #DIV/0! | Y13: ='07时'!AJ13 -> #DIV/0! | Z13: ='07时'!AK13 -> #DIV/0! | AA13: ='07时'!AM13 -> #DIV/0! | AB13: ='07时'!AO13 -> #DIV/0! | AC13: ='07时'!AP13 -> #DIV/0! | AD13: ='07时'!AR13 -> #DIV/0! | AE13: ='07时'!AS13 -> #DIV/0! | AF13: ='07时'!AU13 -> #DIV/0! | AG13: ='07时'!AW13 -> #DIV/0!
B14: 20'时-07'时 | C14: ='07时'!C14 -> #DIV/0! | D14: ='07时'!E14 -> #DIV/0! | E14: ='07时'!F14 -> #DIV/0! | F14: ='07时'!H14 -> #DIV/0! | G14: ='07时'!I14 -> #DIV/0! | H14: ='07时'!K14 -> #DIV/0! | I14: ='07时'!L14 -> #DIV/0! | J14: ='07时'!M14 -> #DIV/0! | K14: ='07时'!O14 -> #DIV/0! | L14: ='07时'!Q14 -> #DIV/0! | M14: ='07时'!R14 -> #DIV/0! | N14: ='07时'!T14 -> #DIV/0! | O14: ='07时'!U14 -> #DIV/0! | P14: ='07时'!W14 -> #DIV/0! | Q14: ='07时'!X14 -> #DIV/0! | R14: ='07时'!Z14 -> #DIV/0! | S14: ='07时'!AA14 -> #DIV/0! | T14: ='07时'!AC14 -> #DIV/0! | U14: ='07时'!AE14 -> #DIV/0! | V14: ='07时'!AF14 -> #DIV/0! | W14: ='07时'!AG14 -> #DIV/0! | X14: ='07时'!AI14 -> #DIV/0! | Y14: ='07时'!AJ14 -> #DIV/0! | Z14: ='07时'!AK14 -> #DIV/0! | AA14: ='07时'!AM14 -> #DIV/0! | AB14: ='07时'!AO14 -> #DIV/0! | AC14: ='07时'!AP14 -> #DIV/0! | AD14: ='07时'!AR14 -> #DIV/0! | AE14: ='07时'!AS14 -> #DIV/0! | AF14: ='07时'!AU14 -> #DIV/0! | AG14: ='07时'!AW14 -> #DIV/0!

Sheet 15变化率
C1: US500 | D1: HK50 | E1: HK50-US500 | F1: NIKKEI(Japan225) | G1: NIKKEI-US500 | H1: USD/JPY(Yen) | I1: NIKKEI-Yen(NKC) | J1: NKC-US500 | K1: USD/SGD | L1: UK100(FTSE英国) | M1: FTSE英国-US500 | N1: GBP/USD | O1: FTSE英国-US500+GBP/USD | P1: France40(CAC法国) | Q1: CAC法国-US500 | R1: EUR/USD | S1: CAC法国-US500+EUR/USD | T1: USD/INR | U1: Germany40 | V1: Germany40-US500 | W1: Germany40-US500+EUR/USD | X1: USD/CNH | Y1: USD/CNH-Yen | Z1: USD/CNH-USD/SGD | AA1: USD/TWD | AB1: Australia200 | AC1: Australia-US500 | AD1: AUD/USD | AE1: Australia-US500+AUD/USD | AF1: USDKRW | AG1: USDMXN
A2: Date | B2: Time | C2: Change | D2: Change | E2: Change | F2: Change | G2: Change | H2: Change | I2: Change | J2: Change | K2: Change | L2: Change | M2: Change | N2: Change | O2: Change | P2: Change | Q2: Change | R2: Change | S2: Change | T2: Change | U2: Change | V2: Change | W2: Change | X2: Change | Y2: Change | Z2: Change | AA2: Change | AB2: Change | AC2: Change | AD2: Change | AE2: Change | AF2: Change | AG2: Change
A3: 2025/11/21 | B3: 15'时-15时
B4: 18'时-15'时
B5: 18:30'-15'时
B6: 19'时-15'时
B7: 19'时-15'时
B8: 20'时-15'时
A9: 2025/11/24 | B9: 15'时-15时 | C9: ='15时'!C9 -> #DIV/0! | D9: ='15时'!E9 -> #DIV/0! | E9: ='15时'!F9 -> #DIV/0! | F9: ='15时'!H9 -> #DIV/0! | G9: ='15时'!I9 -> #DIV/0! | H9: ='15时'!K9 -> #DIV/0! | I9: ='15时'!L9 -> #DIV/0! | J9: ='15时'!M9 -> #DIV/0! | K9: ='15时'!O9 -> #DIV/0! | L9: ='15时'!Q9 -> #DIV/0! | M9: ='15时'!R9 -> #DIV/0! | N9: ='15时'!T9 -> #DIV/0! | O9: ='15时'!U9 -> #DIV/0! | P9: ='15时'!W9 -> #DIV/0! | Q9: ='15时'!X9 -> #DIV/0! | R9: ='15时'!Z9 -> #DIV/0! | S9: ='15时'!AA9 -> #DIV/0! | T9: ='15时'!AC9 -> #DIV/0! | U9: ='15时'!AE9 -> #DIV/0! | V9: ='15时'!AF9 -> #DIV/0! | W9: ='15时'!AG9 -> #DIV/0! | X9: ='15时'!AI9 -> #DIV/0! | Y9: ='15时'!AJ9 -> #DIV/0! | Z9: ='15时'!AK9 -> #DIV/0! | AA9: ='15时'!AM9 -> #DIV/0! | AB9: ='15时'!AO9 -> #DIV/0! | AC9: ='15时'!AP9 -> #DIV/0! | AD9: ='15时'!AR9 -> #DIV/0! | AE9: ='15时'!AS9 -> #DIV/0! | AF9: ='15时'!AU9 -> #DIV/0! | AG9: ='15时'!AW9 -> #DIV/0!
B10: 18'时-15'时 | C10: ='15时'!C10 -> #DIV/0! | D10: ='15时'!E10 -> #DIV/0! | E10: ='15时'!F10 -> #DIV/0! | F10: ='15时'!H10 -> #DIV/0! | G10: ='15时'!I10 -> #DIV/0! | H10: ='15时'!K10 -> #DIV/0! | I10: ='15时'!L10 -> #DIV/0! | J10: ='15时'!M10 -> #DIV/0! | K10: ='15时'!O10 -> #DIV/0! | L10: ='15时'!Q10 -> #DIV/0! | M10: ='15时'!R10 -> #DIV/0! | N10: ='15时'!T10 -> #DIV/0! | O10: ='15时'!U10 -> #DIV/0! | P10: ='15时'!W10 -> #DIV/0! | Q10: ='15时'!X10 -> #DIV/0! | R10: ='15时'!Z10 -> #DIV/0! | S10: ='15时'!AA10 -> #DIV/0! | T10: ='15时'!AC10 -> #DIV/0! | U10: ='15时'!AE10 -> #DIV/0! | V10: ='15时'!AF10 -> #DIV/0! | W10: ='15时'!AG10 -> #DIV/0! | X10: ='15时'!AI10 -> #DIV/0! | Y10: ='15时'!AJ10 -> #DIV/0! | Z10: ='15时'!AK10 -> #DIV/0! | AA10: ='15时'!AM10 -> #DIV/0! | AB10: ='15时'!AO10 -> #DIV/0! | AC10: ='15时'!AP10 -> #DIV/0! | AD10: ='15时'!AR10 -> #DIV/0! | AE10: ='15时'!AS10 -> #DIV/0! | AF10: ='15时'!AU10 -> #DIV/0! | AG10: ='15时'!AW10 -> #DIV/0!
B11: 18:30'-15'时 | C11: ='15时'!C11 -> #DIV/0! | D11: ='15时'!E11 -> #DIV/0! | E11: ='15时'!F11 -> #DIV/0! | F11: ='15时'!H11 -> #DIV/0! | G11: ='15时'!I11 -> #DIV/0! | H11: ='15时'!K11 -> #DIV/0! | I11: ='15时'!L11 -> #DIV/0! | J11: ='15时'!M11 -> #DIV/0! | K11: ='15时'!O11 -> #DIV/0! | L11: ='15时'!Q11 -> #DIV/0! | M11: ='15时'!R11 -> #DIV/0! | N11: ='15时'!T11 -> #DIV/0! | O11: ='15时'!U11 -> #DIV/0! | P11: ='15时'!W11 -> #DIV/0! | Q11: ='15时'!X11 -> #DIV/0! | R11: ='15时'!Z11 -> #DIV/0! | S11: ='15时'!AA11 -> #DIV/0! | T11: ='15时'!AC11 -> #DIV/0! | U11: ='15时'!AE11 -> #DIV/0! | V11: ='15时'!AF11 -> #DIV/0! | W11: ='15时'!AG11 -> #DIV/0! | X11: ='15时'!AI11 -> #DIV/0! | Y11: ='15时'!AJ11 -> #DIV/0! | Z11: ='15时'!AK11 -> #DIV/0! | AA11: ='15时'!AM11 -> #DIV/0! | AB11: ='15时'!AO11 -> #DIV/0! | AC11: ='15时'!AP11 -> #DIV/0! | AD11: ='15时'!AR11 -> #DIV/0! | AE11: ='15时'!AS11 -> #DIV/0! | AF11: ='15时'!AU11 -> #DIV/0! | AG11: ='15时'!AW11 -> #DIV/0!
B12: 19'时-15'时 | C12: ='15时'!C12 -> #DIV/0! | D12: ='15时'!E12 -> #DIV/0! | E12: ='15时'!F12 -> #DIV/0! | F12: ='15时'!H12 -> #DIV/0! | G12: ='15时'!I12 -> #DIV/0! | H12: ='15时'!K12 -> #DIV/0! | I12: ='15时'!L12 -> #DIV/0! | J12: ='15时'!M12 -> #DIV/0! | K12: ='15时'!O12 -> #DIV/0! | L12: ='15时'!Q12 -> #DIV/0! | M12: ='15时'!R12 -> #DIV/0! | N12: ='15时'!T12 -> #DIV/0! | O12: ='15时'!U12 -> #DIV/0! | P12: ='15时'!W12 -> #DIV/0! | Q12: ='15时'!X12 -> #DIV/0! | R12: ='15时'!Z12 -> #DIV/0! | S12: ='15时'!AA12 -> #DIV/0! | T12: ='15时'!AC12 -> #DIV/0! | U12: ='15时'!AE12 -> #DIV/0! | V12: ='15时'!AF12 -> #DIV/0! | W12: ='15时'!AG12 -> #DIV/0! | X12: ='15时'!AI12 -> #DIV/0! | Y12: ='15时'!AJ12 -> #DIV/0! | Z12: ='15时'!AK12 -> #DIV/0! | AA12: ='15时'!AM12 -> #DIV/0! | AB12: ='15时'!AO12 -> #DIV/0! | AC12: ='15时'!AP12 -> #DIV/0! | AD12: ='15时'!AR12 -> #DIV/0! | AE12: ='15时'!AS12 -> #DIV/0! | AF12: ='15时'!AU12 -> #DIV/0! | AG12: ='15时'!AW12 -> #DIV/0!
B13: 19'时-15'时 | C13: ='15时'!C13 -> #DIV/0! | D13: ='15时'!E13 -> #DIV/0! | E13: ='15时'!F13 -> #DIV/0! | F13: ='15时'!H13 -> #DIV/0! | G13: ='15时'!I13 -> #DIV/0! | H13: ='15时'!K13 -> #DIV/0! | I13: ='15时'!L13 -> #DIV/0! | J13: ='15时'!M13 -> #DIV/0! | K13: ='15时'!O13 -> #DIV/0! | L13: ='15时'!Q13 -> #DIV/0! | M13: ='15时'!R13 -> #DIV/0! | N13: ='15时'!T13 -> #DIV/0! | O13: ='15时'!U13 -> #DIV/0! | P13: ='15时'!W13 -> #DIV/0! | Q13: ='15时'!X13 -> #DIV/0! | R13: ='15时'!Z13 -> #DIV/0! | S13: ='15时'!AA13 -> #DIV/0! | T13: ='15时'!AC13 -> #DIV/0! | U13: ='15时'!AE13 -> #DIV/0! | V13: ='15时'!AF13 -> #DIV/0! | W13: ='15时'!AG13 -> #DIV/0! | X13: ='15时'!AI13 -> #DIV/0! | Y13: ='15时'!AJ13 -> #DIV/0! | Z13: ='15时'!AK13 -> #DIV/0! | AA13: ='15时'!AM13 -> #DIV/0! | AB13: ='15时'!AO13 -> #DIV/0! | AC13: ='15时'!AP13 -> #DIV/0! | AD13: ='15时'!AR13 -> #DIV/0! | AE13: ='15时'!AS13 -> #DIV/0! | AF13: ='15时'!AU13 -> #DIV/0! | AG13: ='15时'!AW13 -> #DIV/0!
B14: 20'时-15'时 | C14: ='15时'!C14 -> #DIV/0! | D14: ='15时'!E14 -> #DIV/0! | E14: ='15时'!F14 -> #DIV/0! | F14: ='15时'!H14 -> #DIV/0! | G14: ='15时'!I14 -> #DIV/0! | H14: ='15时'!K14 -> #DIV/0! | I14: ='15时'!L14 -> #DIV/0! | J14: ='15时'!M14 -> #DIV/0! | K14: ='15时'!O14 -> #DIV/0! | L14: ='15时'!Q14 -> #DIV/0! | M14: ='15时'!R14 -> #DIV/0! | N14: ='15时'!T14 -> #DIV/0! | O14: ='15时'!U14 -> #DIV/0! | P14: ='15时'!W14 -> #DIV/0! | Q14: ='15时'!X14 -> #DIV/0! | R14: ='15时'!Z14 -> #DIV/0! | S14: ='15时'!AA14 -> #DIV/0! | T14: ='15时'!AC14 -> #DIV/0! | U14: ='15时'!AE14 -> #DIV/0! | V14: ='15时'!AF14 -> #DIV/0! | W14: ='15时'!AG14 -> #DIV/0! | X14: ='15时'!AI14 -> #DIV/0! | Y14: ='15时'!AJ14 -> #DIV/0! | Z14: ='15时'!AK14 -> #DIV/0! | AA14: ='15时'!AM14 -> #DIV/0! | AB14: ='15时'!AO14 -> #DIV/0! | AC14: ='15时'!AP14 -> #DIV/0! | AD14: ='15时'!AR14 -> #DIV/0! | AE14: ='15时'!AS14 -> #DIV/0! | AF14: ='15时'!AU14 -> #DIV/0! | AG14: ='15时'!AW14 -> #DIV/0!

Sheet 20变化率
C1: US500 | D1: HK50 | E1: HK50-US500 | F1: NIKKEI(Japan225) | G1: NIKKEI-US500 | H1: USD/JPY(Yen) | I1: NIKKEI-Yen(NKC) | J1: NKC-US500 | K1: USD/SGD | L1: UK100(FTSE英国) | M1: FTSE英国-US500 | N1: GBP/USD | O1: FTSE英国-US500+GBP/USD | P1: France40(CAC法国) | Q1: CAC法国-US500 | R1: EUR/USD | S1: CAC法国-US500+EUR/USD | T1: USD/INR | U1: Germany40 | V1: Germany40-US500 | W1: Germany40-US500+EUR/USD | X1: USD/CNH | Y1: USD/CNH-Yen | Z1: USD/CNH-USD/SGD | AA1: USD/TWD | AB1: Australia200 | AC1: Australia-US500 | AD1: AUD/USD | AE1: Australia-US500+AUD/USD | AF1: USDKRW | AG1: USDMXN
A2: Date | B2: Time | C2: Change | D2: Change | E2: Change | F2: Change | G2: Change | H2: Change | I2: Change | J2: Change | K2: Change | L2: Change | M2: Change | N2: Change | O2: Change | P2: Change | Q2: Change | R2: Change | S2: Change | T2: Change | U2: Change | V2: Change | W2: Change | X2: Change | Y2: Change | Z2: Change | AA2: Change | AB2: Change | AC2: Change | AD2: Change | AE2: Change | AF2: Change | AG2: Change
A3: 2025/11/21 | B3: 18'时-19时
B4: 18'时-20时
B5: 18:30'时-20时
B6: 19'时-19时
B7: 19'时-20时
B8: 20'时-20时
A9: 2025/11/24 | B9: 18'时-19时 | C9: ='20时'!C9 -> #DIV/0! | D9: ='20时'!E9 -> #DIV/0! | E9: ='20时'!F9 -> #DIV/0! | F9: ='20时'!H9 -> #DIV/0! | G9: ='20时'!I9 -> #DIV/0! | H9: ='20时'!K9 -> #DIV/0! | I9: ='20时'!L9 -> #DIV/0! | J9: ='20时'!M9 -> #DIV/0! | K9: ='20时'!O9 -> #DIV/0! | L9: ='20时'!Q9 -> #DIV/0! | M9: ='20时'!R9 -> #DIV/0! | N9: ='20时'!T9 -> #DIV/0! | O9: ='20时'!U9 -> #DIV/0! | P9: ='20时'!W9 -> #DIV/0! | Q9: ='20时'!X9 -> #DIV/0! | R9: ='20时'!Z9 -> #DIV/0! | S9: ='20时'!AA9 -> #DIV/0! | T9: ='20时'!AC9 -> #DIV/0! | U9: ='20时'!AE9 -> #DIV/0! | V9: ='20时'!AF9 -> #DIV/0! | W9: ='20时'!AG9 -> #DIV/0! | X9: ='20时'!AI9 -> #DIV/0! | Y9: ='20时'!AJ9 -> #DIV/0! | Z9: ='20时'!AK9 -> #DIV/0! | AA9: ='20时'!AM9 -> #DIV/0! | AB9: ='20时'!AO9 -> #DIV/0! | AC9: ='20时'!AP9 -> #DIV/0! | AD9: ='20时'!AR9 -> #DIV/0! | AE9: ='20时'!AS9 -> #DIV/0! | AF9: ='20时'!AU9 -> #DIV/0! | AG9: ='20时'!AW9 -> #DIV/0!
B10: 18'时-20时 | C10: ='20时'!C10 -> #DIV/0! | D10: ='20时'!E10 -> #DIV/0! | E10: ='20时'!F10 -> #DIV/0! | F10: ='20时'!H10 -> #DIV/0! | G10: ='20时'!I10 -> #DIV/0! | H10: ='20时'!K10 -> #DIV/0! | I10: ='20时'!L10 -> #DIV/0! | J10: ='20时'!M10 -> #DIV/0! | K10: ='20时'!O10 -> #DIV/0! | L10: ='20时'!Q10 -> #DIV/0! | M10: ='20时'!R10 -> #DIV/0! | N10: ='20时'!T10 -> #DIV/0! | O10: ='20时'!U10 -> #DIV/0! | P10: ='20时'!W10 -> #DIV/0! | Q10: ='20时'!X10 -> #DIV/0! | R10: ='20时'!Z10 -> #DIV/0! | S10: ='20时'!AA10 -> #DIV/0! | T10: ='20时'!AC10 -> #DIV/0! | U10: ='20时'!AE10 -> #DIV/0! | V10: ='20时'!AF10 -> #DIV/0! | W10: ='20时'!AG10 -> #DIV/0! | X10: ='20时'!AI10 -> #DIV/0! | Y10: ='20时'!AJ10 -> #DIV/0! | Z10: ='20时'!AK10 -> #DIV/0! | AA10: ='20时'!AM10 -> #DIV/0! | AB10: ='20时'!AO10 -> #DIV/0! | AC10: ='20时'!AP10 -> #DIV/0! | AD10: ='20时'!AR10 -> #DIV/0! | AE10: ='20时'!AS10 -> #DIV/0! | AF10: ='20时'!AU10 -> #DIV/0! | AG10: ='20时'!AW10 -> #DIV/0!
B11: 18:30'时-20时 | C11: ='20时'!C11 -> #DIV/0! | D11: ='20时'!E11 -> #DIV/0! | E11: ='20时'!F11 -> #DIV/0! | F11: ='20时'!H11 -> #DIV/0! | G11: ='20时'!I11 -> #DIV/0! | H11: ='20时'!K11 -> #DIV/0! | I11: ='20时'!L11 -> #DIV/0! | J11: ='20时'!M11 -> #DIV/0! | K11: ='20时'!O11 -> #DIV/0! | L11: ='20时'!Q11 -> #DIV/0! | M11: ='20时'!R11 -> #DIV/0! | N11: ='20时'!T11 -> #DIV/0! | O11: ='20时'!U11 -> #DIV/0! | P11: ='20时'!W11 -> #DIV/0! | Q11: ='20时'!X11 -> #DIV/0! | R11: ='20时'!Z11 -> #DIV/0! | S11: ='20时'!AA11 -> #DIV/0! | T11: ='20时'!AC11 -> #DIV/0! | U11: ='20时'!AE11 -> #DIV/0! | V11: ='20时'!AF11 -> #DIV/0! | W11: ='20时'!AG11 -> #DIV/0! | X11: ='20时'!AI11 -> #DIV/0! | Y11: ='20时'!AJ11 -> #DIV/0! | Z11: ='20时'!AK11 -> #DIV/0! | AA11: ='20时'!AM11 -> #DIV/0! | AB11: ='20时'!AO11 -> #DIV/0! | AC11: ='20时'!AP11 -> #DIV/0! | AD11: ='20时'!AR11 -> #DIV/0! | AE11: ='20时'!AS11 -> #DIV/0! | AF11: ='20时'!AU11 -> #DIV/0! | AG11: ='20时'!AW11 -> #DIV/0!
B12: 19'时-19时 | C12: ='20时'!C12 -> #DIV/0! | D12: ='20时'!E12 -> #DIV/0! | E12: ='20时'!F12 -> #DIV/0! | F12: ='20时'!H12 -> #DIV/0! | G12: ='20时'!I12 -> #DIV/0! | H12: ='20时'!K12 -> #DIV/0! | I12: ='20时'!L12 -> #DIV/0! | J12: ='20时'!M12 -> #DIV/0! | K12: ='20时'!O12 -> #DIV/0! | L12: ='20时'!Q12 -> #DIV/0! | M12: ='20时'!R12 -> #DIV/0! | N12: ='20时'!T12 -> #DIV/0! | O12: ='20时'!U12 -> #DIV/0! | P12: ='20时'!W12 -> #DIV/0! | Q12: ='20时'!X12 -> #DIV/0! | R12: ='20时'!Z12 -> #DIV/0! | S12: ='20时'!AA12 -> #DIV/0! | T12: ='20时'!AC12 -> #DIV/0! | U12: ='20时'!AE12 -> #DIV/0! | V12: ='20时'!AF12 -> #DIV/0! | W12: ='20时'!AG12 -> #DIV/0! | X12: ='20时'!AI12 -> #DIV/0! | Y12: ='20时'!AJ12 -> #DIV/0! | Z12: ='20时'!AK12 -> #DIV/0! | AA12: ='20时'!AM12 -> #DIV/0! | AB12: ='20时'!AO12 -> #DIV/0! | AC12: ='20时'!AP12 -> #DIV/0! | AD12: ='20时'!AR12 -> #DIV/0! | AE12: ='20时'!AS12 -> #DIV/0! | AF12: ='20时'!AU12 -> #DIV/0! | AG12: ='20时'!AW12 -> #DIV/0!
B13: 19'时-20时 | C13: ='20时'!C13 -> #DIV/0! | D13: ='20时'!E13 -> #DIV/0! | E13: ='20时'!F13 -> #DIV/0! | F13: ='20时'!H13 -> #DIV/0! | G13: ='20时'!I13 -> #DIV/0! | H13: ='20时'!K13 -> #DIV/0! | I13: ='20时'!L13 -> #DIV/0! | J13: ='20时'!M13 -> #DIV/0! | K13: ='20时'!O13 -> #DIV/0! | L13: ='20时'!Q13 -> #DIV/0! | M13: ='20时'!R13 -> #DIV/0! | N13: ='20时'!T13 -> #DIV/0! | O13: ='20时'!U13 -> #DIV/0! | P13: ='20时'!W13 -> #DIV/0! | Q13: ='20时'!X13 -> #DIV/0! | R13: ='20时'!Z13 -> #DIV/0! | S13: ='20时'!AA13 -> #DIV/0! | T13: ='20时'!AC13 -> #DIV/0! | U13: ='20时'!AE13 -> #DIV/0! | V13: ='20时'!AF13 -> #DIV/0! | W13: ='20时'!AG13 -> #DIV/0! | X13: ='20时'!AI13 -> #DIV/0! | Y13: ='20时'!AJ13 -> #DIV/0! | Z13: ='20时'!AK13 -> #DIV/0! | AA13: ='20时'!AM13 -> #DIV/0! | AB13: ='20时'!AO13 -> #DIV/0! | AC13: ='20时'!AP13 -> #DIV/0! | AD13: ='20时'!AR13 -> #DIV/0! | AE13: ='20时'!AS13 -> #DIV/0! | AF13: ='20时'!AU13 -> #DIV/0! | AG13: ='20时'!AW13 -> #DIV/0!
B14: 20'时-20时 | C14: ='20时'!C14 -> #DIV/0! | D14: ='20时'!E14 -> #DIV/0! | E14: ='20时'!F14 -> #DIV/0! | F14: ='20时'!H14 -> #DIV/0! | G14: ='20时'!I14 -> #DIV/0! | H14: ='20时'!K14 -> #DIV/0! | I14: ='20时'!L14 -> #DIV/0! | J14: ='20时'!M14 -> #DIV/0! | K14: ='20时'!O14 -> #DIV/0! | L14: ='20时'!Q14 -> #DIV/0! | M14: ='20时'!R14 -> #DIV/0! | N14: ='20时'!T14 -> #DIV/0! | O14: ='20时'!U14 -> #DIV/0! | P14: ='20时'!W14 -> #DIV/0! | Q14: ='20时'!X14 -> #DIV/0! | R14: ='20时'!Z14 -> #DIV/0! | S14: ='20时'!AA14 -> #DIV/0! | T14: ='20时'!AC14 -> #DIV/0! | U14: ='20时'!AE14 -> #DIV/0! | V14: ='20时'!AF14 -> #DIV/0! | W14: ='20时'!AG14 -> #DIV/0! | X14: ='20时'!AI14 -> #DIV/0! | Y14: ='20时'!AJ14 -> #DIV/0! | Z14: ='20时'!AK14 -> #DIV/0! | AA14: ='20时'!AM14 -> #DIV/0! | AB14: ='20时'!AO14 -> #DIV/0! | AC14: ='20时'!AP14 -> #DIV/0! | AD14: ='20时'!AR14 -> #DIV/0! | AE14: ='20时'!AS14 -> #DIV/0! | AF14: ='20时'!AU14 -> #DIV/0! | AG14: ='20时'!AW14 -> #DIV/0!
